Ticker|Price|Market Cap|P/E|P/S|P/B|Forward P/E|EPS (ttm)|EPS this Y|EPS next Y|EPS next 5Y|EPS past 3/5Y|52W High|52W Low|RSI (14)|Recom|Target Price|PEG (Fwd P/E to EPS 5Y Groth)
NVDA|233.95|5638.19B|29.57|18.61|24.67|14.85|7.91|94.43%|69.82%|64.87%|204.08% 95.27%|236.54 -1.09%|164.27 42.42%|62.90|1.21|333.47|0.2289
AAPL|333.69|4869.93B|38.25|10.43|45.34|34.73|8.72|18.44%|8.74%|12.73%|6.89% 17.91%|345.34 -3.37%|243.42 37.08%|54.72|2.16|335.75|2.7282
GOOG|340.35|4185.03B|17.10|9.38|6.69|22.48|19.91|90.64%|-26.52%|18.50%|33.35% 29.82%|404.47 -15.85%|236.68 43.80%|50.02|1.25|426.17|1.2151
MSFT|517.53|3842.94B|28.84|11.58|8.69|22.04|17.95|14.21%|19.00%|18.44%|22.83% 17.38%|553.72 -6.54%|349.20 48.20%|62.62|1.22|573.06|1.1952
AMZN|251.52|2712.97B|20.23|3.50|4.92|23.67|12.43|78.15%|-16.82%|24.57%|- 27.96%|287.20 -12.42%|196.00 28.33%|48.56|1.22|331.35|0.9634
TSM|472.78|2452.06B|34.12|17.17|12.14|21.41|13.86|60.56%|31.04%|38.28%|17.37% 25.67%|479.00 -1.30%|266.82 77.19%|71.49|1.32|543.66|0.5593
SPCX|158.96|2157.26B|-|-|16.46|-|-|-|-|-|-3.29% -|225.64 -29.55%|104.83 51.64%|61.30|1.72|223.04|N/A
META|728.08|1854.79B|27.43|8.13|7.10|21.40|26.55|32.76%|9.09%|18.75%|39.86% 18.41%|779.82 -6.63%|520.26 39.95%|61.49|1.33|793.21|1.1413
AVGO|355.14|1695.31B|45.34|19.03|17.01|18.40|7.83|71.19%|65.31%|64.76%|21.56% 49.76%|495.00 -28.25%|289.96 22.48%|47.64|1.26|533.19|0.2841
TSLA|370.59|1463.66B|344.32|14.13|16.85|164.46|1.08|0.60%|34.93%|23.84%|-33.28% 38.32%|498.83 -25.71%|297.38 24.62%|54.99|2.40|376.04|6.8985
SKHY|195.13|1422.23B|12.67|11.02|8.19|5.69|15.40|531.65%|35.50%|113.63%|159.13% 49.26%|199.87 -2.37%|124.80 56.35%|59.40|1.23|258.45|0.0501
MU|1074.89|1213.97B|14.48|9.11|12.05|5.23|74.21|127.53%|19.50%|41.65%|- 70.65%|1255.00 -14.35%|179.61 498.46%|59.26|1.28|1593.85|0.1256
AMD|633.91|1034.84B|162.69|25.05|15.39|39.90|3.90|82.97%|108.20%|76.78%|46.65% 5.13%|639.00 -0.80%|163.14 288.57%|70.07|1.49|636.60|0.5197
ASML|1867.31|719.70B|58.13|17.47|28.84|30.81|32.12|48.63%|38.08%|38.51%|23.38% 23.58%|1999.96 -6.63%|935.41 99.62%|64.77|1.42|2345.02|0.8001
INTC|119.33|630.79B|-|11.06|6.87|56.25|-2.12|265.62%|38.14%|95.95%|- -|142.35 -16.17%|32.89 262.82%|60.64|2.43|119.90|0.5862
PLTR|188.75|453.58B|160.84|73.68|46.40|82.44|1.17|113.07%|43.27%|65.82%|- -|207.52 -9.04%|106.37 77.45%|61.18|1.89|202.69|1.2525
LRCX|347.49|434.86B|60.29|18.72|34.87|29.19|5.76|62.77%|25.67%|34.06%|20.16% 16.46%|438.50 -20.75%|131.02 165.22%|67.63|1.41|384.12|0.8570
ORCL|142.30|430.28B|22.31|5.99|6.96|12.91|6.38|6.65%|35.41%|26.55%|23.77% 5.08%|322.54 -55.88%|114.50 24.28%|48.31|1.58|242.84|0.4863
AMAT|540.04|428.57B|46.57|13.90|16.72|28.85|11.60|36.00%|46.14%|37.61%|5.19% 17.18%|739.67 -26.99%|203.40 165.51%|69.18|1.38|667.94|0.7671
ARM|307.49|328.40B|315.44|63.69|38.05|100.29|0.97|25.92%|37.57%|32.59%|18.34% 17.48%|452.70 -32.08%|100.02 207.43%|58.52|1.82|298.26|3.0773
NFLX|67.06|279.23B|21.13|5.73|9.26|17.61|3.17|42.19%|5.83%|21.63%|36.44% 32.98%|124.86 -46.29%|65.08 3.04%|31.06|1.78|93.29|0.8141
CRWD|270.04|276.50B|7564.15|51.24|54.19|168.91|0.04|34.37%|27.59%|30.37%|6.21% -8.78%|269.30 0.27%|85.68 215.17%|68.75|1.65|240.07|5.5617
KLAC|206.89|269.99B|56.41|19.89|42.58|30.59|3.67|46.33%|22.91%|29.63%|14.87% 22.32%|307.37 -32.69%|98.10 110.90%|67.23|1.73|238.09|1.0324
SNDK|1719.99|251.84B|23.60|12.44|15.96|6.59|72.89|199.85%|22.77%|54.54%|- -|2354.39 -26.95%|115.68 1386.85%|52.72|1.50|2269.12|0.1208
MRVL|272.29|238.77B|89.66|25.27|12.88|40.27|3.04|48.14%|60.70%|54.48%|- -|329.88 -17.46%|70.68 285.22%|64.99|1.38|298.32|0.7392
QCOM|184.87|194.16B|21.40|4.41|7.07|18.24|8.64|-12.40%|-3.85%|2.87%|-23.90% 2.08%|259.92 -28.87%|121.99 51.55%|52.39|2.65|196.73|6.3554
CRM|234.69|193.15B|21.39|4.40|5.03|14.60|10.97|33.81%|-4.07%|13.98%|234.40% 12.24%|269.11 -12.79%|146.32 60.40%|51.35|1.75|282.78|1.0443
NOW|134.38|138.95B|83.92|9.43|11.10|26.79|1.60|16.03%|23.18%|20.16%|73.56% 70.18%|192.97 -30.36%|81.24 65.41%|50.35|1.36|145.87|1.3289
NET|349.07|124.30B|-|49.47|76.69|208.66|-0.58|35.62%|32.64%|34.17%|20.88% 5.92%|367.43 -5.00%|158.83 119.78%|60.31|1.92|345.68|6.1065
SNOW|341.04|120.32B|-|22.14|55.92|112.82|-3.17|77.31%|36.39%|50.25%|-16.43% -16.08%|384.56 -11.32%|118.30 188.28%|57.09|1.35|440.12|2.2452
DDOG|277.22|99.54B|566.33|25.09|22.79|93.60|0.49|23.53%|16.96%|20.83%|- -|292.72 -5.30%|98.01 182.85%|70.59|1.39|289.09|4.4935
ADBE|237.69|92.51B|13.26|3.56|7.90|8.57|17.93|16.92%|13.25%|14.75%|18.25% 9.04%|363.70 -34.65%|190.12 25.02%|41.02|2.61|272.43|0.5810
APP|268.22|89.76B|20.62|13.14|28.43|13.35|13.01|61.61%|27.55%|37.55%|- -|738.01 -63.66%|275.13 -2.51%|28.40|1.46|498.25|0.3555
